1,2,3,4,5,6,7,8,9,10,Alt1,Alt2,Alt3,Alt4,Color
昨天,,我,看,,的,那本书,很有意思,,,我昨天看的那本书很有意思,,,,5
刚才,,他,发给我,,的,那个消息,很重要,,,他刚才发给我的那个消息很重要,,,,5
今天早上,,她,买,,的,那杯咖啡,已经冷了,,,她今天早上买的那杯咖啡已经冷了,,,,5
上个星期,,老师,教,,的,那个语法,不太难,,,老师上个星期教的那个语法不太难,,,,5
昨天晚上,,我们,讨论,,的,那个问题,还没解决,,,我们昨天晚上讨论的那个问题还没解决,,,,5
刚才,在桌上,你,放,,的,那支笔,是我的,,,你刚才在桌上放的那支笔是我的,刚才你在桌上放的那支笔是我的,,,5
今天,在公司,他,写,,的,那份报告,很清楚,,,他今天在公司写的那份报告很清楚,今天他在公司写的那份报告很清楚,,,5
昨天,在学校,她,拍,,的,那张照片,很漂亮,,,她昨天在学校拍的那张照片很漂亮,昨天她在学校拍的那张照片很漂亮,,,5
上个月,,我朋友,推荐给我,,的,那家餐厅,很贵,,,我朋友上个月推荐给我的那家餐厅很贵,,,,5
今天早上,,妈妈,做,,的,那个早餐,很好吃,,,妈妈今天早上做的那个早餐很好吃,,,,5
昨天,在网上,我,找到,,的,那个资料,很有用,,,我昨天在网上找到的那个资料很有用,昨天我在网上找到的那个资料很有用,,,5
刚才,,你,说,,的,那句话,有点奇怪,,,你刚才说的那句话有点奇怪,,,,5
上个星期,,他,借给我,,的,那本书,我看完了,,,他上个星期借给我的那本书我看完了,上个星期他借给我的那本书我看完了,我看完了上个星期他借给我的那本书,,5
今天下午,,公司,发给员工,,的,那封电邮,很长,,,今天下午公司发给员工的那封电邮很长,公司今天下午发给员工的那封电邮很长,,,5
昨天,在教室里,我,忘记拿走,,的,那个包,找到了,,,我昨天在教室里忘记拿走的那个包找到了,昨天我在教室里忘记拿走的那个包找到了,,,5
今天,,她,穿,,的,那件衣服,很好看,,,她今天穿的那件衣服很好看,,,,5
刚才,在门口,我,看到,,的,那个人,是新同事,,,我刚才在门口看到的那个人是新同事,刚才我在门口看到的那个人是新同事,,,5
上个星期,,你,给老师,,的,那份作业,有几个错误,,,你上个星期给老师的那份作业有几个错误,,,,5
昨天晚上,,他,听,,的,那首歌,很好听,,,他昨天晚上听的那首歌很好听,,,,5
今天早上,在车站,我们,等,,的,那辆巴士,来得很晚,,,今天早上我们在车站等的那辆巴士来得很晚,我们今天早上在车站等的那辆巴士来得很晚,,,5
昨天晚上,在家里,我,看完,,的,那部电影,比我想的好看,,,我昨天晚上在家里看完的那部电影比我想的好看,昨天晚上我在家里看完的那部电影比我想的好看,,,5
今天早上,在会议里,老板,提到,,的,那个问题,需要今天解决,,,今天早上老板在会议里提到的那个问题需要今天解决,老板今天早上在会议里提到的那个问题需要今天解决,,,5
上个星期,在图书馆,她,借给我,,的,那本书,我还没看完,,,上个星期她在图书馆借给我的那本书我还没看完,她上个星期在图书馆借给我的那本书我还没看完,我还没看完上个星期她在图书馆借给我的那本书,我还没看完她上个星期在图书馆借给我的那本书,5
刚才,在群里,你,发给大家,,的,那个通知,写得很清楚,,,刚才你在群里发给大家的那个通知写得很清楚,你刚才在群里发给大家的那个通知写得很清楚,,,5
昨天,在公司,我们,讨论过,,的,那个计划,现在要修改,,,昨天我们在公司讨论过的那个计划现在要修改,我们昨天在公司讨论过的那个计划现在要修改,,,5
今天下午,在课上,老师,解释清楚,,的,那个语法点,我终于听懂了,,,今天下午老师在课上解释清楚的那个语法点我终于听懂了,老师今天下午在课上解释清楚的那个语法点我终于听懂了,我终于听懂了今天下午老师在课上解释清楚的那个语法点,我终于听懂了老师今天下午在课上解释清楚的那个语法点,5
上个月,在网上,他,买回来,,的,那台电脑,已经坏了,,,上个月他在网上买回来的那台电脑已经坏了,他上个月在网上买回来的那台电脑已经坏了,,,5
刚才,在门口,我,差点撞到,,的,那个人,原来是经理,,,刚才我在门口差点撞到的那个人原来是经理,我刚才在门口差点撞到的那个人原来是经理,,,5
昨天晚上,在厨房,妈妈,做好,,的,那道菜,被弟弟吃完了,,,昨天晚上妈妈在厨房做好的那道菜被弟弟吃完了,妈妈昨天晚上在厨房做好的那道菜被弟弟吃完了,被弟弟吃完了昨天晚上妈妈在厨房做好的那道菜,,5
今天早上,在桌上,你,忘记拿走,,的,那份文件,我帮你收起来了,,,今天早上你在桌上忘记拿走的那份文件我帮你收起来了,你今天早上在桌上忘记拿走的那份文件我帮你收起来了,我帮你收起来了今天早上你在桌上忘记拿走的那份文件,我帮你收起来了你今天早上在桌上忘记拿走的那份文件,5
上个星期,在学校,她,交给老师,,的,那篇作文,得了很高的分数,,,上个星期她在学校交给老师的那篇作文得了很高的分数,她上个星期在学校交给老师的那篇作文得了很高的分数,,,5
昨天,在电话里,他,没有说清楚,,的,那件事,让我有点担心,,,昨天他在电话里没有说清楚的那件事让我有点担心,他昨天在电话里没有说清楚的那件事让我有点担心,,,5
今天下午,在办公室,同事,给我看,,的,那张照片,看起来很奇怪,,,今天下午同事在办公室给我看的那张照片看起来很奇怪,同事今天下午在办公室给我看的那张照片看起来很奇怪,,,5
上个月,在那家店,我们,买到,,的,那个礼物,她非常喜欢,,,上个月我们在那家店买到的那个礼物她非常喜欢,我们上个月在那家店买到的那个礼物她非常喜欢,她非常喜欢上个月我们在那家店买到的那个礼物,她非常喜欢我们上个月在那家店买到的那个礼物,5
刚才,在路边,我,捡到,,的,那把钥匙,可能是邻居的,,,刚才我在路边捡到的那把钥匙可能是邻居的,我刚才在路边捡到的那把钥匙可能是邻居的,,,5
昨天晚上,在网上,你,找到,,的,那个资料,可以放进报告里,,,昨天晚上你在网上找到的那个资料可以放进报告里,你昨天晚上在网上找到的那个资料可以放进报告里,,,5
今天,在公司,他,做完,,的,那份工作,比平时复杂,,,今天他在公司做完的那份工作比平时复杂,他今天在公司做完的那份工作比平时复杂,,,5
上个星期,在车站,我,等了很久,,的,那辆巴士,最后还是没来,,,上个星期我在车站等了很久的那辆巴士最后还是没来,我上个星期在车站等了很久的那辆巴士最后还是没来,,,5
昨天,在教室里,学生,问老师,,的,那个问题,其实很重要,,,昨天学生在教室里问老师的那个问题其实很重要,学生昨天在教室里问老师的那个问题其实很重要,,,5
今天早上,在电梯里,我,听不懂,,的,那句话,后来朋友解释给我听,,,今天早上我在电梯里听不懂的那句话后来朋友解释给我听,我今天早上在电梯里听不懂的那句话后来朋友解释给我听,,,5
我,昨天,没有,看懂,的,那段说明,老师,又解释了,一次,,昨天我没有看懂的那段说明老师又解释了一次,老师又解释了一次我昨天没有看懂的那段说明,老师又解释了一次昨天我没有看懂的那段说明,,5
刚才,在门口,等他,的,那些人,已经,走了,,,,在门口刚才等他的那些人已经走了,,,,5
你,上个星期,发给我,的,那个文件,我,还没,看完,,,上个星期你发给我的那个文件我还没看完,我还没看完你上个星期发给我的那个文件,我还没看完上个星期你发给我的那个文件,,5
我们,昨晚,讨论过,的,那个计划,现在,要重新,修改,,,昨晚我们讨论过的那个计划现在要重新修改,现在要重新修改我们昨晚讨论过的那个计划,,,5
他,下班后,买回来,的,那份晚餐,已经,冷了,,,,下班后他买回来的那份晚餐已经冷了,,,,5
我,刚才,差点,删除,的,那个文件,其实,很重要,,,刚才我差点删除的那个文件其实很重要,,,,5
她,小时候,住过,的,那栋楼,现在,已经,拆掉了,,,小时候她住过的那栋楼现在已经拆掉了,,,,5
你,昨天,借给我,的,那本书,我,今天,看完了,,,昨天你借给我的那本书我今天看完了,我今天看完了你昨天借给我的那本书,今天我看完了你昨天借给我的那本书,,5
公司,早上,发给员工,的,那封邮件,内容,有点,不清楚,,,早上公司发给员工的那封邮件内容有点不清楚,,,,5
他,刚才,没说清楚,的,那件事,让我,有点,担心,,,刚才他没说清楚的那件事让我有点担心,,,,5
她,考试前,复习过,的,那几页笔记,正好,考到了,,,,考试前她复习过的那几页笔记正好考到了,,,,5
我们,去年,参观过,的,那所学校,比,想象中,大很多,,,去年我们参观过的那所学校比想象中大很多,,,,5
你,早上,忘在桌上,的,那支笔,我,帮你,收起来了,,,早上你忘在桌上的那支笔我帮你收起来了,我帮你收起来了你早上忘在桌上的那支笔,,,5
他,一直,想加入,的,那个团队,最近,开始,招人了,,,最近他一直想加入的那个团队开始招人了,,,,5
她,昨晚,没来得及,回复,的,那封邮件,今天,才处理,,,昨晚她没来得及回复的那封邮件今天才处理,今天才处理她昨晚没来得及回复的那封邮件,,,5
我们,刚才,听不太懂,的,那句话,朋友,又翻译了,一遍,,,刚才我们听不太懂的那句话朋友又翻译了一遍,朋友又翻译了一遍我们刚才听不太懂的那句话,,,5
如果,你,看不懂,那段说明,就,问,老师,,,,那段说明如果你看不懂就问老师,如果那段说明你看不懂就问老师,,,5
如果,明天,下雨,我们,就,不去,公园,,,,明天如果下雨我们就不去公园,,,,5
如果,他,还没到,公司,我,就,先开始,会议,,,他如果还没到公司我就先开始会议,,,,5
如果,你,忘了,密码,就,重新,设置,,,,密码如果你忘了就重新设置,如果密码你忘了就重新设置,,,5
如果,老师,没解释清楚,这个语法,我们,就,再问,一次,,,老师如果没解释清楚这个语法我们就再问一次,如果这个语法老师没解释清楚我们就再问一次,这个语法如果老师没解释清楚我们就再问一次,,5
如果,这个文件,很重要,你,就,先保存,一份,,,,这个文件如果很重要你就先保存一份,,,,5
如果,你,今天,没空,我们,就,明天,再说,,,今天如果你没空我们就明天再说,你今天如果没空我们就明天再说,如果今天你没空我们就明天再说,,5
如果,他,说得太快,你,就,请他,慢一点,,,,他如果说得太快你就请他慢一点,,,,5
如果,巴士,还没来,我们,就,先坐,地铁,,,,巴士如果还没来我们就先坐地铁,,,,5
如果,你,做完,作业,就,可以,休息,一下,,,你如果做完作业就可以休息一下,如果作业你做完就可以休息一下,作业如果你做完就可以休息一下,,5
只要,你,每天,练习,中文,就,会进步,,,,你只要每天练习中文就会进步,,,,5
只要,他,说清楚,原因,我们,就,可以理解,,,,他只要说清楚原因我们就可以理解,原因只要他说清楚我们就可以理解,只要原因他说清楚我们就可以理解,,5
只要,你,记得,带钥匙,就,不会,进不了门,,,,你只要记得带钥匙就不会进不了门,,,,5
只要,这个方法,有用,我们,就,继续,用它,,,,这个方法只要有用我们就继续用它,,,,5
只要,她,愿意,帮忙,事情,就,会容易,很多,,,她只要愿意帮忙事情就会容易很多,,,,5
只要,你,听得懂,大概意思,就,不用,每个字,都懂,,,你只要听得懂大概意思就不用每个字都懂,大概意思只要你听得懂就不用每个字都懂,只要大概意思你听得懂就不用每个字都懂,,5
只要,今天,不下雨,我们,就,去,打球,,,,今天只要不下雨我们就去打球,,,,5
只要,你,把问题,说清楚,老师,就,能帮你,,,,你只要把问题说清楚老师就能帮你,,,,5
只要,我们,先做完,这部分,就,可以,早点下班,,,,我们只要先做完这部分就可以早点下班,这部分只要我们先做完就可以早点下班,只要这部分我们先做完就可以早点下班,,5
如果,你,找不到,那个文件,就,检查,下载夹,,,,你如果找不到那个文件就检查下载夹,那个文件如果你找不到就检查下载夹,如果那个文件你找不到就检查下载夹,,5
如果,他,今天,要上班,我们,就,晚点,见面,,,他今天如果要上班我们就晚点见面,今天如果他要上班我们就晚点见面,他如果今天要上班我们就晚点见面,,5
如果,你,不确定,答案,就,先猜,一个,,,,你如果不确定答案就先猜一个,答案如果你不确定就先猜一个,如果答案你不确定就先猜一个,,5
如果,这个字,你,不认识,就,查一下,意思,,,,这个字如果你不认识就查一下意思,如果你不认识这个字就查一下意思,,,5
如果,她,已经,回家了,我,就,明天,再问,,,她如果已经回家了我就明天再问,,,,5
如果,今天,人太多,我们,就,换一家,餐厅,,,,今天如果人太多我们就换一家餐厅,,,,5
如果,你,觉得,太难,就,先做,简单的,,,,你如果觉得太难就先做简单的,,,,5
如果,他,没带,电脑,就,用,我的,,,,他如果没带电脑就用我的,电脑如果他没带就用我的,如果电脑他没带就用我的,,5
只要,你,先保存,文件,就,不怕,突然关机,,,,你只要先保存文件就不怕突然关机,文件只要你先保存就不怕突然关机,只要文件你先保存就不怕突然关机,,5
只要,他,准时,回复,我们,就,能继续,做,,,他只要准时回复我们就能继续做,,,,5
只要,你,多听,中文,就,会慢慢,听懂,,,,你只要多听中文就会慢慢听懂,,,,5
只要,这个解释,够清楚,学生,就,不会,搞混,,,,这个解释只要够清楚学生就不会搞混,,,,5
只要,她,认真,练习,发音,就,会变得,更自然,,,她只要认真练习发音就会变得更自然,发音只要她认真练习就会变得更自然,,,5
只要,我们,今天,做完,这部分,就,可以休息,,,,我们只要今天做完这部分就可以休息,今天只要我们做完这部分就可以休息,这部分只要我们今天做完就可以休息,,5
只要,他,不迟到,会议,就,可以,准时开始,,,,他只要不迟到会议就可以准时开始,会议只要他不迟到就可以准时开始,,,5
只要,你,记得,复习,昨天的内容,就,不容易,忘,,,你只要记得复习昨天的内容就不容易忘,昨天的内容只要你记得复习就不容易忘,,,5
只要,这个网站,能帮你,记单词,就,值得,继续做,,,,这个网站只要能帮你记单词就值得继续做,,,,5
我,下班之后,就,回家,做饭,,,,,,下班之后我就回家做饭,,,,5
他,看完说明以后,才,开始,安装软件,,,,,,看完说明以后他才开始安装软件,,,,5
她,做完作业之后,就,去,洗澡,,,,,,做完作业之后她就去洗澡,,,,5
我们,讨论清楚以后,才,决定,怎么做,,,,,,讨论清楚以后我们才决定怎么做,,,,5
你,听懂规则之后,就,可以,开始游戏,,,,,,听懂规则之后你就可以开始游戏,,,,5
老师,解释完以后,学生,才,明白,这个语法,,,,,这个语法老师解释完以后学生才明白,,,,5
我,到公司之后,就,打开,电脑,,,,,,到公司之后我就打开电脑,,,,5
他,收到邮件以后,才,知道,时间改了,,,,,,收到邮件以后他才知道时间改了,,,,5
她,买完东西之后,就,坐地铁,回家,,,,,,买完东西之后她就坐地铁回家,,,,5
我们,吃完晚饭以后,才,继续,做项目,,,,,,吃完晚饭以后我们才继续做项目,,,,5
你,保存文件之后,就,不用,担心丢失,,,,,,保存文件之后你就不用担心丢失,,,,5
他,说清楚原因以后,我们,才,理解,他的决定,,,,,,,,,5
我,查完生词之后,就,重新,读那句话,,,,,,查完生词之后我就重新读那句话,,,,5
她,练习几次以后,才,说得,比较自然,,,,,,练习几次以后她才说得比较自然,,,,5
我们,到车站之后,才,发现,巴士走了,,,,,,到车站之后我们才发现巴士走了,,,,5
你,看完例句以后,就,更容易,记住用法,,,,,,看完例句以后你就更容易记住用法,,,,5
他,关掉电脑之后,就,离开,办公室,,,,,,关掉电脑之后他就离开办公室,,,,5
我,问过老师以后,才,知道,答案,,,,,,问过老师以后我才知道答案,,,,5
她,看见消息之后,就,马上,回复我,,,,,,看见消息之后她就马上回复我,,,,5
我们,做完这部分以后,才,可以,早点休息,,,,,,做完这部分以后我们才可以早点休息,,,,5
如果,你看完,我发给你,的,那个文件,就,告诉我,你的想法,,,如果我发给你的那个文件你看完就告诉我你的想法,,,,5
如果,他收到,公司发来,的,那封邮件,就,会知道,时间改了,,,如果公司发来的那封邮件他收到就会知道时间改了,,,,5
只要,你记住,昨天学过,的,那些句子,就,不容易,搞混,,,只要昨天学过的那些句子你记住就不容易搞混,,,,5
她,回家之后,就,打开,老师发来,的,那个资料,,,,回家之后她就打开老师发来的那个资料,,,,5
我们,讨论完,这个问题以后,才,修改,昨天写,的,那份报告,,,讨论完这个问题以后我们才修改昨天写的那份报告,,,,5
只要,你保存好,刚才做完,的,那个文件,就,不怕,丢失,,,只要刚才做完的那个文件你保存好就不怕丢失,,,,5
只要,她看懂,这本书里,的,那段说明,就,可以,自己操作,,,只要这本书里的那段说明她看懂就可以自己操作,,,,5
如果,巴士到了以后,你,还没来,我,就,先上车,,,,巴士到了以后如果你还没来我就先上车,,,,5
如果,你做完,今天老师给,的,那份作业,就,可以,休息一下,,,如果今天老师给的那份作业你做完就可以休息一下,,,,5
她,看完消息之后,才,发现,朋友发错,的,那张照片,,,,看完消息之后她才发现朋友发错的那张照片,,,,5
只要,我们解决,刚才提到,的,那个问题,就,可以,继续做,,,只要刚才提到的那个问题我们解决就可以继续做,,,,5
我,把,那个文件,删掉了,,,,,,,,,,,5
那个文件,被,我,删掉了,,,,,,,,,,,5
他,把,问题,说清楚了,,,,,,,,,,,5
这个问题,被,他,说清楚了,,,,,,,,,,,5
她,把,作业,做完了,以后,才,去休息,,,,把作业做完了以后她才去休息,,,,5
那份作业,被,她,做完了,,,,,,,,,,,5
老师,把,语法,解释清楚了,,,,,,,,,,,5
那个语法,被,老师,解释清楚了,以后,我才懂,,,,,被老师解释清楚了以后那个语法我才懂,,,,5
我们,把,计划,改好了,之后,就,发给经理,,,,把计划改好了之后我们就发给经理,,,,5
那个计划,被,我们,改好了,,,,,,,,,,,5
你,把,门,关上了,吗,,,,,,,,,,5
门,被,你,关上了,,,,,,,,,,,5
他,把,手机,忘在公司了,,,,,,,,,,,5
手机,被,他,忘在公司了,,,,,,,,,,,5
妈妈,把,晚饭,做好了,以后,叫我们吃,,,,,把晚饭做好了以后妈妈叫我们吃,,,,5
晚饭,被,妈妈,做好了,,,,,,,,,,,5
我,把,那句话,听懂了,之后,才回答,,,,,把那句话听懂了之后我才回答,,,,5
那句话,被,我,听懂了,以后,我才回答,,,,,,,,,5
同事,把,报告,写完了,就,发给老板,,,,,把报告写完了同事就发给老板,,,,5
那份报告,被,同事,写完了,以后,就发出去了,,,,,被同事写完了以后那份报告就发出去了,,,,5
我,把,电脑,打开了,以后,就,开始工作,,,,把电脑打开了以后我就开始工作,,,,5
电脑,被,我,打开了,以后,会议,才开始,,,,,,,,5
他,把,地址,写错了,所以,快递,送不到,,,,,,,,5
地址,被,他,写错了,以后,快递,找不到地方,,,,,,,,5
她,把,杯子,打破了,之后,马上,道歉,,,,把杯子打破了之后她马上道歉,,,,5
杯子,被,她,打破了,但是,没有人生气,,,,,,,,,5
我们,把,房间,收拾好了,就,可以,请客人进来,,,,把房间收拾好了我们就可以请客人进来,,,,5
房间,被,我们,收拾好了,看起来,干净多了,,,,,,,,,5
你,把,这个字,写清楚,老师,就,看得懂,,,,把这个字写清楚老师就看得懂,,,,5
这个字,被,你,写清楚了,老师,才,看得懂,,,,,,,,5
他,把,车票,买好了,以后,才,告诉我们,,,,把车票买好了以后他才告诉我们,,,,5
车票,被,他,买好了,我们,就,不用担心,,,,,,,,5
她,把,重点,画出来了,所以,我,看得很快,,,,把重点画出来了所以我看得很快,,,,5
重点,被,她,画出来了,看起来,很清楚,,,,,,,,,5
我,把,错误,改完了,之后,才,交作业,,,,把错误改完了之后我才交作业,,,,5
,,,,,,,,,,,,,,5
错误,被,我,改完了,老师,没有再说什么,,,,,,,,,5
他们,把,桌子,搬走了,所以,这里,空了很多,,,,把桌子搬走了以后这里空了很多他们,,,,5
桌子,被,他们,搬走了,之后,房间,变大了,,,,,,,,5
老板,把,时间,改好了,就,发了,新通知,,,,,,,,5
时间,被,老板,改好了,我们,只好,重新安排,,,,,,,,5
我,把,那段话,读懂了,以后,才,明白意思,,,,,,,,5
那段话,被,我,读懂了,以后,就,不难了,,,,把那段话读懂了以后我才明白意思,,,,5
他,把,资料,整理好了,之后,发给,同事,,,,把资料整理好了之后他发给同事,,,,5
资料,被,他,整理好了,大家,都,可以使用,,,,,,,,5
妈妈,把,灯,关掉了,因为,太亮了,,,,,因为太亮了妈妈把灯关掉了,,,,5
灯,被,妈妈,关掉了,房间,变暗了,,,,,,,,,5
我们,把,问题,找出来了,但是,还没,解决,,,,,,,,5
问题,被,我们,找出来了,下一步,是解决它,,,,,,,,,5
句子,被,你,拆开了,以后,结构,很明显,,,,,,,,5
她,把,礼物,包好了,以后,放进袋子里,,,,,把礼物包好了以后她放进袋子里,,,,5
礼物,被,她,包好了,看起来,很漂亮,,,,,,,,,5
我,把,手机,放好了,才,去,洗澡,,,,把手机放好了我才去洗澡,,,,5
手机,被,我,放好了,所以,没有弄丢,,,,,,,,,5
他,把,音量,调低了,以后,大家,比较舒服,,,,,,,,5
音量,被,他,调低了,房间里,安静多了,,,,,,,,,5
我昨天,下载,的,那个文件,已经,被删除了,,,,,昨天我下载的那个文件已经被删除了,,,,5
他刚才,发给我,的,那个消息,我,看懂了,,,,,刚才他发给我的那个消息我看懂了,我看懂了他刚才发给我的那个消息,,,5
老师今天,解释,的,那个语法,我们,终于听懂了,,,,,今天老师解释的那个语法我们终于听懂了,我们终于听懂了老师今天解释的那个语法,,,5
你上次,推荐,的,那部电影,我,已经看完了,,,,,上次你推荐的那部电影我已经看完了,我已经看完了你上次推荐的那部电影,,,5
她昨天,写,的,那份报告,被老板,改过了,,,,,昨天她写的那份报告被老板改过了,,,,5
我刚才,放在桌上,的,那支笔,被弟弟,拿走了,,,,,刚才我放在桌上的那支笔被弟弟拿走了,,,,5
公司早上,发来,的,那封邮件,我,已经回复了,,,,,早上公司发来的那封邮件我已经回复了,我已经回复了公司早上发来的那封邮件,,,5
他昨天,买回来,的,那台电脑,今天,坏掉了,,,,,昨天他买回来的那台电脑今天坏掉了,,,,5
我们上周,讨论,的,那个计划,现在,改好了,,,,,上周我们讨论的那个计划现在改好了,现在我们上周讨论的那个计划改好了,,,5
你刚才,删除,的,那个文件,其实,还能找回,,,,,刚才你删除的那个文件其实还能找回,,,,5
我昨天,听不懂,的,那句话,今天,终于明白了,,,,,昨天我听不懂的那句话今天终于明白了,我今天终于明白了昨天听不懂的那句话,,,5
老师上课时,写下,的,那个句子,我,抄下来了,,,,,上课时老师写下的那个句子我抄下来了,我抄下来了老师上课时写下的那个句子,,,5
我们刚才,找到,的,那个问题,已经,解决好了,,,,,刚才我们找到的那个问题已经解决好了,,,,5
她刚才,做好,的,那道菜,被弟弟,吃完了,,,,,刚才她做好的那道菜被弟弟吃完了,,,,5
他之前,说不清楚,的,那件事,现在,解释清楚了,,,,,之前他说不清楚的那件事现在解释清楚了,,,,5
我在网上,找到,的,那个资料,已经,放进报告里,,,,,,,,,5
他们昨天,搬走,的,那张桌子,被放到,会议室了,,,,,昨天他们搬走的那张桌子被放到会议室了,,,,5
如果,你看完,我发给你,的,那个文件,就,把意见,写下来,,,如果我发给你的那个文件你看完就把意见写下来,,,,5
我,做完作业以后,才,看完,你推荐,的,那部电影,,,,做完作业以后我才看完你推荐的那部电影,,,,5
只要,老师讲清楚,今天学,的,那个语法,我们,就听得懂,,,,只要今天学的那个语法老师讲清楚我们就听得懂,,,,5
他,到公司之后,才,看到,老板发来,的,那封邮件,,,,到公司之后他才看到老板发来的那封邮件,,,,5
如果,你找不到,我刚才放,的,那支笔,就,看看抽屉,,,,如果我刚才放的那支笔你找不到就看看抽屉,,,,5
她,看完消息以后,就,把朋友发来,的,照片,删除了,,,,看完消息以后她就把朋友发来的照片删除了,,,,5
只要,我们解决,刚才发现,的,那个问题,项目,就能继续,,,,只要刚才发现的那个问题我们解决项目就能继续,,,,5
我,问过老师以后,才,明白,你昨天问,的,那个问题,,,,问过老师以后我才明白你昨天问的那个问题,,,,5
如果,那份报告,被改好了,我们,就,发给经理,,,,,,,,,5
他,下班之后,就,把今天买,的,晚饭,带回家,,,,下班之后他就把今天买的晚饭带回家,,,,5
我们,讨论完以后,才,把昨天写,的,计划,改好了,,,,讨论完以后我们才把昨天写的计划改好了,,,,5
如果,你听不懂,他刚才说,的,那句话,就,请他重复,,,,如果他刚才说的那句话你听不懂就请他重复,,,,5
老师,解释清楚以后,学生,才,看懂,书上写,的说明,,,,老师解释清楚以后书上写的说明学生才看懂,,,,5
她,回家之后,才,发现,早上买,的,咖啡冷了,,,,回家之后她才发现早上买的咖啡冷了,,,,5
如果,那个文件,被删除了,你,就,去回收站,找找,,,,,,,,5
只要,他解释清楚,昨天发生,的,那件事,大家,就能理解,,,,只要昨天发生的那件事他解释清楚大家就能理解,,,,5
我们,下班之后,就,去,你上次推荐,的,那家店,,,,下班之后我们就去你上次推荐的那家店,,,,5
如果,你看懂,老师写,的,那个句子,就,把意思,说出来,,,如果老师写的那个句子你看懂就把意思说出来,,,,5
我,到家以后,才,发现,早上带出门,的,钱包,不见了,,,到家以后我才发现早上带出门的钱包不见了,,,,5
只要,你把,今天学,的,生词,复习完,就,可以休息,,,只要今天学的生词你复习完就可以休息,,,,5
他,看完说明之后,就,把新软件,安装好了,,,,,,看完说明之后他就把新软件安装好了,,,,5
如果,那封邮件,被老板,改过了,我们,就,重新检查,一遍,,,,,,,5
她,听懂规则以后,才,开始,玩那个,朋友推荐,的游戏,,,,听懂规则以后她才开始玩那个朋友推荐的游戏,,,,5
只要,我们找出,程序里,的,那个错误,问题,就能解决,,,,只要程序里的那个错误我们找出问题就能解决,只要我们找出程序里的那个错误就能解决问题,,,5
如果,你忘记,我刚才说,的,那件事,就,再问我,一次,,,如果我刚才说的那件事你忘记就再问我一次,我刚才说的那件事如果你忘记就再问我一次,empty,,5
老师,解释完以后,学生,才,把作业,做完了,,,,,empty,empty,empty,,5
我们,讨论清楚之后,就,把原来的,计划,改掉了,,,,,讨论清楚之后我们就把原来的计划改掉了,empty,empty,,5
如果,你收到,公司发来,的,那个通知,就,马上告诉我,,,,如果公司发来的那个通知你收到就马上告诉我,empty,empty,,5
他,下班以后,才,回复,客户上午发来,的,那封邮件,,,,下班以后他才回复客户上午发来的那封邮件,empty,empty,,5
只要,你把,不懂,的,句子,标出来,老师就能帮你,,,,empty,empty,empty,,5
她,回家之后,就,把今天买,的,礼物,包好了,,,,回家之后她就把今天买的礼物包好了,empty,empty,,5
如果,这份资料,被放进,报告里,内容,就,会更完整,,,,这份资料如果被放进报告里内容就会更完整,empty,empty,,5
我,看完例句以后,才,明白,这个语法,怎么用,,,,,看完例句以后我才明白这个语法怎么用,empty,empty,,5
只要,他讲清楚,昨天发生,的,那件事,大家,就不会误会,,,,只要昨天发生的那件事他讲清楚大家就不会误会,empty,empty,,5
如果,你找回,被删除,的,那个文件,就,先保存,一份,,,如果被删除的那个文件你找回就先保存一份,empty,empty,,5
我们,吃完饭之后,就,去,你之前说,的,那家书店,,,,吃完饭之后我们就去你之前说的那家书店,empty,empty,,5
他,读懂说明以后,才,把机器,打开了,,,,,,读懂说明以后他才把机器打开了,empty,empty,,5
虽然,这个字,很简单,但是,我,还是,忘了意思,,,,这个字虽然很简单但是我还是忘了意思,empty,empty,,5
虽然,老师讲得,很清楚,但是,我,还需要,再练习,,,,老师虽然讲得很清楚但是我还需要再练习,empty,empty,,5
虽然,今天,很忙,但是,我,还是,复习了中文,,,,今天虽然很忙但是我还是复习了中文,empty,empty,,5
虽然,这句话,我听懂了,但是,我,不会,自己说,,,,虽然我听懂了这句话但是我不会自己说,这句话虽然我听懂了但是我不会自己说,empty,,5
虽然,你推荐,的,那本书,很难,但是,我看完了,,,,你推荐的那本书虽然很难但是我看完了,empty,empty,,5
虽然,这个语法,看起来复杂,但是,拆开以后,就,容易懂,,,,这个语法虽然看起来复杂但是拆开以后就容易懂,empty,empty,,5
虽然,我昨天,学过,这个词,但是,今天,又忘了,,,,虽然这个词我昨天学过但是今天又忘了,这个词虽然我昨天学过但是今天又忘了,empty,,5
虽然,她说得,有点快,但是,我,听懂了,大概意思,,,,她虽然说得有点快但是我听懂了大概意思,虽然她说得有点快但是大概意思我听懂了,empty,,5
因为,今天,下雨,所以,我们,没有,去公园,,,,今天因为下雨所以我们没有去公园,empty,empty,,5
因为,我,看不懂,那段说明,所以,我,问了老师,,,,因为那段说明我看不懂所以我问了老师,empty,empty,,5
因为,他,没说清楚,原因,所以,大家,有点误会,,,,empty,empty,empty,,5
因为,那封邮件,很重要,所以,我,马上,回复了,,,,那封邮件因为很重要所以我马上回复了,empty,empty,,5
因为,我们,做完了,作业,所以,可以,早点休息,,,,因为作业我们做完了所以可以早点休息,empty,empty,,5
因为,你发给我,的,文件,有问题,所以,我没打开,,,,你发给我的文件因为有问题所以我没打开,empty,empty,,5
因为,他,今天要上班,所以,我们,晚点,再见面,,,,因为今天他要上班所以我们晚点再见面,他今天因为要上班所以我们晚点再见面,empty,,5
因为,我,忘记保存,文件,所以,内容,不见了,,,,因为文件我忘记保存所以内容不见了,empty,empty,,5
因为,这个方法,很有用,所以,我们,继续,用它,,,,这个方法因为很有用所以我们继续用它,empty,empty,,5
既然,你,已经来了,就,先坐下,等一下,,,,,你既然已经来了就先坐下等一下,empty,empty,,5
既然,大家,都听懂了,就,开始,做练习,,,,,大家既然都听懂了就开始做练习,empty,empty,,5
既然,文件,已经改好了,就,发给,老板吧,,,,,文件既然已经改好了就发给老板吧,empty,empty,,5
既然,你,不认识,这个字,就,查一下,意思,,,,既然这个字你不认识就查一下意思,这个字既然你不认识就查一下意思,empty,,5
既然,他,还没到,就,我们,先开始,会议,,,,既然他还没到我们就先开始会议,他既然还没到我们就先开始会议,empty,,5
既然,你,看完了,那本书,就,说说,你的想法,,,,既然那本书你看完了就说说你的想法,那本书既然你看完了就说说你的想法,empty,,5
既然,老师,已经解释过了,就,不要,再问,同样问题,,,,老师既然已经解释过了就不要再问同样问题,empty,empty,,5
既然,今天,没空,就,明天,再做,这个练习,,,,今天既然没空就明天再做这个练习,empty,empty,,5
既然,你,找到问题了,就,把它,改掉,,,,,你既然找到问题了就把它改掉,empty,empty,,5
既然,这个句子,太长,就,先把它,拆开,,,,,这个句子既然太长就先把它拆开,empty,empty,,5
虽然,我,看懂了,这个句子,但是,还不会,自然地说,,,,虽然这个句子我看懂了但是还不会自然地说,这个句子虽然我看懂了但是还不会自然地说,empty,,5
虽然,他,已经下班了,但是,还在,处理工作,,,,,他虽然已经下班了但是还在处理工作,empty,empty,,5
虽然,这个练习,有点难,但是,做完以后,很有用,,,,,这个练习虽然有点难但是做完以后很有用,empty,empty,,5
虽然,她,听不懂,那段话,但是,没有,放弃,,,,虽然那段话她听不懂但是没有放弃,那段话虽然她听不懂但是没有放弃,empty,,5
虽然,那本书,我买了,很久,但是,还没,看完,,,,那本书虽然我买了很久但是还没看完,empty,empty,,5
虽然,今天学,的,语法,很多,但是,我记住了,重点,,,今天学的语法虽然很多但是我记住了重点,虽然今天学的语法很多但是重点我记住了,empty,,5
虽然,这个网站,还没做好,但是,已经,可以练习,词汇,,,,这个网站虽然还没做好但是已经可以练习词汇,empty,empty,,5
虽然,他说得,不太清楚,但是,我,大概,听懂了,,,,他虽然说得不太清楚但是我大概听懂了,empty,empty,,5
虽然,我们,找到问题了,但是,还没,把它解决,,,,,我们虽然找到问题了但是还没把它解决,empty,empty,,5
虽然,这封邮件,被改过了,但是,内容,还是,不清楚,,,,这封邮件虽然被改过了但是内容还是不清楚,empty,empty,,5
因为,今天,要上班,所以,我,不能,太晚睡,,,,今天因为要上班所以我不能太晚睡,empty,empty,,5
因为,这个字,很常见,所以,你,最好,记住它,,,,这个字因为很常见所以你最好记住它,empty,empty,,5
因为,她,把作业,做完了,所以,可以,早点休息,,,,她因为把作业做完了所以可以早点休息,empty,empty,,5
因为,你昨天,发来,的,资料,很有用,所以,我放进报告里,,,因为昨天你发来的资料很有用所以我放进报告里,你昨天发来的资料因为很有用所以我放进报告里,empty,,5
因为,老师,讲得太快,所以,学生,没有,听懂,,,,老师因为讲得太快所以学生没有听懂,empty,empty,,5
因为,我们,已经讨论过,这个问题,所以,不用,再解释,,,,因为这个问题我们已经讨论过所以不用再解释,这个问题因为我们已经讨论过所以不用再解释,empty,,5
因为,他,忘记保存,修改,所以,文件,变回旧版,,,,因为修改他忘记保存所以文件变回旧版,empty,empty,,5
既然,你,已经看完了,就,把书,还给我,,,,,你既然已经看完了就把书还给我,empty,empty,,5
既然,大家,都准备好了,就,开始,今天的练习,,,,,大家既然都准备好了就开始今天的练习,empty,empty,,5
既然,这个方法,没有用,就,换一个,方法,,,,,这个方法既然没有用就换一个方法,empty,empty,,5
既然,他,不想参加,就,不要,勉强他,,,,,他既然不想参加就不要勉强他,empty,empty,,5
,,,,,,,,,,Alt1,Alt2,Alt3,,5
既然,文件,已经被删除了,就,先去,回收站找,,,,,文件既然已经被删除了就先去回收站找,empty,empty,,5
既然,你,听不懂,这句话,就,把它,拆开看,,,,你既然听不懂这句话就把它拆开看,这句话既然你听不懂就把它拆开看,empty,,5
既然,老师,已经说清楚了,就,按照,那个方法做,,,,,老师既然已经说清楚了就按照那个方法做,empty,empty,,5
既然,今天,时间不够,就,先练,简单句子,,,,,今天既然时间不够就先练简单句子,empty,empty,,5
既然,你,把问题,找出来了,就,试着,改掉它,,,,你既然把问题找出来了就试着改掉它,empty,empty,,5
既然,我们,已经到了,就,进去,等他们,,,,,我们既然已经到了就进去等他们,empty,empty,,5
虽然,你昨天发,的,那封邮件,被改过了,但是,我还是,看懂了,,,你昨天发的那封邮件虽然被改过了但是我还是看懂了,empty,empty,,5
因为,老师讲清楚,今天学,的,语法,所以,我们就,开始练习,,,因为今天学的语法老师讲清楚所以我们就开始练习,empty,empty,,5
既然,你看完,我给你,的,那本书,就,把想法,写下来,,,既然我给你的那本书你看完就把想法写下来,我给你的那本书既然你看完就把想法写下来,empty,,5
虽然,我下班以后,才看到,你发,的,消息,但是,马上回复了,,,虽然你发的消息我下班以后才看到但是马上回复了,你发的消息虽然我下班以后才看到但是马上回复了,empty,,5
因为,那个文件,被删除了,所以,我们,只好找,备份,,,,那个文件因为被删除了所以我们只好找备份,empty,empty,,5
如果,老板发来,的,通知,被改了,我们,就重新,安排会议,,,老板发来的通知如果被改了我们就重新安排会议,empty,empty,,5
虽然,他解释过,昨天发生,的,那件事,但是,大家还是,有点误会,,,虽然昨天发生的那件事他解释过但是大家还是有点误会,昨天发生的那件事虽然他解释过但是大家还是有点误会,empty,,5
因为,我看完,你推荐,的,那部电影,所以,终于明白,你的意思,,,因为你推荐的那部电影我看完所以终于明白你的意思,empty,empty,,5
只要,她把,报告里,的,错误,改完,就能交,给老师,,,empty,empty,empty,,5
虽然,那份资料,被放进,报告里,但是,内容,还不完整,,,,那份资料虽然被放进报告里但是内容还不完整,empty,empty,,5
因为,他到公司后,才发现,手机,忘在家里,所以,没回消息,,,,empty,empty,empty,,5
既然,你找不到,我刚才放,的,钥匙,就,看看,桌子下面,,,既然我刚才放的钥匙你找不到就看看桌子下面,我刚才放的钥匙既然你找不到就看看桌子下面,empty,,5
如果,我们讨论完,这个计划,以后,还有时间,就,把报告,写完,,,如果这个计划我们讨论完以后还有时间就把报告写完,empty,empty,,5
只要,老师解释清楚,这个语法,以后,学生,就能,把句子,做对,,,只要这个语法老师解释清楚以后学生就能把句子做对,这个语法只要老师解释清楚以后学生就能把句子做对,empty,,5
我,一边,听中文,一边,看字幕,,,,,,empty,empty,empty,,5
他,一边,上班,一边,回复客户,的,邮件,,,,empty,empty,empty,,5
她,一边,做饭,一边,听老师,讲语法,,,,,empty,empty,empty,,5
我们,一边,讨论问题,一边,把重点,写下来,,,,,empty,empty,empty,,5
你,一边,看例句,一边,试着,自己造句,,,,,empty,empty,empty,,5
老师,一边,解释语法,一边,在白板上,写例子,,,,,empty,empty,empty,,5
我,一边,复习昨天,学的词,一边,做新的,练习,,,,empty,empty,empty,,5
他,一边,找文件,一边,问同事,有没有备份,,,,,empty,empty,empty,,5
她,一边,看你发,的资料,一边,把错误,改掉,,,,empty,empty,empty,,5
你,先,看完说明,再,开始,做练习,,,,,说明你先看完再开始做练习,empty,empty,,5
他,先,问清楚,原因,再,告诉,大家,,,,原因他先问清楚再告诉大家,empty,empty,,5
她,先,做完作业,然后,才,去看电影,,,,,作业她先做完然后才去看电影,empty,empty,,5
我们,先,讨论问题,再,决定,怎么解决,,,,,问题我们先讨论再决定怎么解决,empty,empty,,5
老师,先,讲例句,然后,让学生,自己造句,,,,,empty,empty,empty,,5
你,先,把句子,拆开,再,看,意思,,,,你把句子先拆开再看意思,empty,empty,,5
我,先,复习生词,然后,再听,那段录音,,,,,生词我先复习然后再听那段录音,empty,empty,,5
他,先,看完邮件,再,回复,老板,,,,,邮件他先看完再回复老板,empty,empty,,5
我们,先,找到问题,然后,把它,改掉,,,,,问题我们先找到然后把它改掉,empty,empty,,5
他,不但,会说中文,而且,写得,很清楚,,,,,empty,empty,empty,,5
她,不仅,听懂了,还,能自己,解释出来,,,,,empty,empty,empty,,5
这本书,不但,内容有趣,而且,例句,很自然,,,,,empty,empty,empty,,5
那个文件,不仅,被删除了,还,找不到,备份,,,,,empty,empty,empty,,5
老师,不但,解释清楚了,而且,给了,很多例子,,,,,empty,empty,empty,,5
我,不仅,看完了,你推荐,的电影,还,写了感想,,,,你推荐的电影我不仅看完了还写了感想,empty,empty,,5
,,,,,,,,,,empty,empty,empty,,5
这个网站,不但,可以练词汇,而且,可以练,句子结构,,,,,empty,empty,empty,,5
今天学,的语法,不但,有用,而且,很适合,口语练习,,,,empty,empty,empty,,5
我,越,练习中文,越,听得懂,,,,,,中文我越练习越听得懂,empty,empty,,5
他,越,说,越,说不清楚,,,,,,empty,empty,empty,,5
我,越,看你发,的资料,越,觉得有用,,,,,empty,empty,empty,,5
老师,越,解释,我,越,明白,这个语法,,,,这个语法老师越解释我越明白,empty,empty,,5
你,越,急着回答,越,容易,说错,,,,,empty,empty,empty,,5
她,越,听那段录音,越,听得懂,里面的话,,,,,empty,empty,empty,,5
我们,越,讨论这个问题,越,发现,它很复杂,,,,,这个问题我们越讨论越发现它很复杂,empty,empty,,5
这个网站,越,做,越,适合,我的学习方式,,,,,empty,empty,empty,,5
他,越,复习昨天,学的词,越,不容易忘,,,,,昨天学的词他越复习越不容易忘,empty,empty,,5
除了,语法,以外,我,还,要练,听力,,,,empty,empty,empty,,5
除了,生词,以外,这个练习,也,能帮我,练句子,,,,这个练习除了生词以外也能帮我练句子,empty,empty,,5
除了,今天学,的内容,以外,老师,还,复习了旧课,,,,老师除了今天学的内容以外还复习了旧课,empty,empty,,5
除了,看例句,以外,你,还,应该,自己造句,,,,你除了看例句以外还应该自己造句,empty,empty,,5
除了,中文,以外,他,也,在学,日文,,,,他除了中文以外也在学日文,empty,empty,,5
除了,那个文件,以外,我,还,找到了,备份,,,,我除了那个文件以外还找到了备份,empty,empty,,5
除了,上班,以外,他,晚上,还要,做项目,,,,他除了上班以外晚上还要做项目,empty,empty,,5
除了,听懂意思,以外,我,还想,说得自然,,,,,我除了听懂意思以外还想说得自然,empty,empty,,5
除了,老师发,的资料,以外,我,也看了,网上例句,,,,除了老师发的资料以外我也看了网上例句,empty,empty,,5
除了,把错误,改掉,以外,我们,还要,检查格式,,,,我们除了把错误改掉以外还要检查格式,empty,empty,,5
我,不是,不想学,而是,不知道,怎么练,,,,,empty,empty,empty,,5
这个问题,不是,太难,而是,解释,不够清楚,,,,,empty,empty,empty,,5
他,不是,忘记回复,而是,今天,一直在上班,,,,,empty,empty,empty,,5
我,不是,看不懂,而是,还没,看完,,,,,empty,empty,empty,,5
她,不是,不会说,而是,说得,不够自然,,,,,empty,empty,empty,,5
这个练习,不是,没有用,而是,需要,多做几次,,,,,empty,empty,empty,,5
我们,不是,要放弃,而是,要换,一个方法,,,,,empty,empty,empty,,5
那封邮件,不是,被删除了,而是,被放进,另一个文件夹,,,,,empty,empty,empty,,5
你,不是,说错了,而是,少说了,一个词,,,,,empty,empty,empty,,5
虽然,我看完了,你推荐,的,那本书,但是,还没,写感想,,,虽然你推荐的那本书我看完了但是还没写感想,你推荐的那本书虽然我看完了但是还没写感想,empty,,5
因为,老师解释清楚了,所以,我,终于听懂,今天学,的语法,,,,因为今天学的语法老师解释清楚了所以我终于听懂,empty,empty,,5
既然,你已经,把作业,做完了,就,先休息,一下,,,,你既然已经把作业做完了就先休息一下,empty,empty,,5
如果,你听不懂,他刚才说,的,那句话,就,请他,再说一遍,,,如果他刚才说的那句话你听不懂就请他再说一遍,他刚才说的那句话如果你听不懂就请他再说一遍,empty,,5
只要,你把,不懂,的,句子,拆开,就,容易理解,,,只要不懂的句子你把它拆开就容易理解,不懂的句子只要你把它拆开就容易理解,empty,,5
我,下班以后,才看到,你发来,的,那封邮件,所以,马上回复了,,,下班以后我才看到你发来的那封邮件所以马上回复了,你发来的那封邮件我下班以后才看到所以马上回复了,empty,,5
她,一边,看说明,一边,把重点,写下来,,,,,empty,empty,empty,,5
我们,先,讨论问题,再,把方案,改好,,,,,empty,empty,empty,,5
这个练习,不但,能复习语法,而且,能练,造句,,,,,empty,empty,empty,,5
我,越,练习,越,觉得,中文有意思,,,,,empty,empty,empty,,5
除了,今天学,的词,以外,我,还复习了,昨天的内容,,,,我除了今天学的词以外还复习了昨天的内容,empty,empty,,5
我,不是,不想回答,而是,还没,想清楚,怎么说,,,,empty,empty,empty,,5
虽然,那个文件,被删除了,但是,我们,还找到,备份,,,,那个文件虽然被删除了但是我们还找到备份,empty,empty,,5
因为,他把时间,写错了,所以,大家,都迟到了,,,,,因为时间他写错了所以大家都迟到了,empty,empty,,5
既然,这个问题,已经被,找出来了,就,把它,改掉吧,,,,这个问题既然已经被找出来了就把它改掉吧,empty,empty,,5
如果,你复习完,今天学,的,生词,就,试着,自己造句,,,如果今天学的生词你复习完就试着自己造句,今天学的生词如果你复习完就试着自己造句,empty,,5
我,看完例句以后,才明白,这个结构,不是难,而是,不熟,,,,看完例句以后我才明白这个结构不是难而是不熟,empty,empty,,5
她,不仅,听懂了,老师说,的,内容,还,解释给我听,,,她不仅听懂了老师说的内容还解释给我听,老师说的内容她不仅听懂了还解释给我听,empty,,5
我们,一边,等巴士,一边,复习,今天学,的句子,,,,empty,empty,empty,,5
你,先,把文件,保存好,然后,再修改,内容,,,,你先把文件保存好然后再修改内容,empty,empty,,5
这个句子,越,拆开看,越,容易,看懂,,,,,empty,empty,empty,,5
除了,语法,以外,这个网站,也能,帮我练,听力,,,,这个网站除了语法以外也能帮我练听力,empty,empty,,5
虽然,他已经,下班了,但是,还在,回复客户,的邮件,,,,他虽然已经下班了但是还在回复客户的邮件,empty,empty,,5
因为,我没听清楚,你说,的,那句话,所以,又问了,一次,,,因为你说的那句话我没听清楚所以又问了一次,你说的那句话因为我没听清楚所以又问了一次,empty,,5
如果,报告里,的错误,被改完了,我们,就,可以提交,,,,如果报告里的错误被改完了我们就可以提交,empty,empty,,5
只要,你先,看完说明,再开始,就,不容易,做错,,,,只要说明你先看完再开始就不容易做错,说明只要你先看完再开始就不容易做错,empty,,5
我,不是,看不懂,这个字,而是,忘了,它的意思,,,,empty,empty,empty,,5
他,不但,把报告,写完了,而且,提前,发给老板,,,,他不但把报告写完了而且提前发给老板,empty,empty,,5
我,竟然,忘了,今天,要上班,,,,,,今天要上班我竟然忘了,empty,empty,,5
他,竟然,看懂了,老师刚才,讲的语法,,,,,,老师刚才讲的语法他竟然看懂了,empty,empty,,5
她,竟然,把作业,做完了,还,提前交了,,,,,她竟然把作业做完了还提前交了,empty,empty,,5
那个文件,竟然,被删除了,但是,备份还在,,,,,,那个文件竟然被删除了但是备份还在,empty,empty,,5
我们,竟然,找到了,昨天丢失,的钥匙,,,,,,昨天丢失的钥匙我们竟然找到了,empty,empty,,5
你,竟然,没有,保存文件,就关机了,,,,,,文件你竟然没有保存就关机了,empty,empty,,5
他,竟然,一边开会,一边,写报告,,,,,,他竟然一边开会一边写报告,empty,empty,,5
我,竟然,听懂了,那段很快,的录音,,,,,,那段很快的录音我竟然听懂了,empty,empty,,5
老师,竟然,没有发现,那个明显,的错误,,,,,,那个明显的错误老师竟然没有发现,empty,empty,,5
她,竟然,把我推荐,的书,看完了,,,,,,我推荐的书她竟然看完了,empty,empty,,5
我,偶然,在路上,遇到,以前的同学,,,,,,在路上我偶然遇到以前的同学,empty,empty,,5
他,偶然,发现了,文件里,的错误,,,,,,文件里的错误他偶然发现了,empty,empty,,5
她,偶然,听到,老师说,的那句话,,,,,,老师说的那句话她偶然听到,empty,empty,,5
我们,偶然,找到,一个很好用,的方法,,,,,,一个很好用的方法我们偶然找到,empty,empty,,5
你,偶然,看到,我昨天发,的消息,吗,,,,,我昨天发的消息你偶然看到吗,empty,empty,,5
他,偶然,打开了,被放错,的文件,,,,,,被放错的文件他偶然打开了,empty,empty,,5
我,偶然,看见,桌子下面,的钥匙,,,,,,桌子下面的钥匙我偶然看见,empty,empty,,5
她,偶然,认识了,一个会说中文,的朋友,,,,,,一个会说中文的朋友她偶然认识了,empty,empty,,5
我们,偶然,走进,你推荐,的那家店,,,,,,你推荐的那家店我们偶然走进,empty,empty,,5
老师,偶然,提到,我刚好不懂,的语法,,,,,,我刚好不懂的语法老师偶然提到,empty,empty,,5
我,刚,打开文件,就,发现,内容,不见了,,,,文件我刚打开就发现内容不见了,empty,empty,,5
他,刚,到公司,就,收到,老板的通知,,,,,empty,empty,empty,,5
她,刚,坐下来,就,开始,复习生词,,,,,empty,empty,empty,,5
我们,刚,讨论完,就,把计划,改好了,,,,,刚讨论完我们就把计划改好了,empty,empty,,5
你,刚,看完说明,就,开始,做练习,,,,,说明你刚看完就开始做练习,empty,empty,,5
老师,刚,解释完,学生,就,明白了,,,,,empty,empty,empty,,5
我,刚,保存文件,电脑,就,关机了,,,,,文件我刚保存电脑就关机了,empty,empty,,5
他,刚,把门关上,就,发现,钥匙还在里面,,,,,empty,empty,empty,,5
她,刚,收到消息,就,马上,回复了,,,,,消息她刚收到就马上回复了,empty,empty,,5
我们,刚,上车,巴士,就,开走了,,,,,empty,empty,empty,,5
我,本来,想早点睡,结果,复习到,很晚,,,,,empty,empty,empty,,5
他,本来,要来开会,结果,临时有事,没来了,,,,,empty,empty,empty,,5
她,本来,想自己做,结果,还是,请老师帮忙,,,,,empty,empty,empty,,5
我们,本来,打算坐巴士,结果,改坐,地铁了,,,,,empty,empty,empty,,5
你,本来,说要保存,结果,还是,忘记了,,,,,empty,empty,empty,,5
这个文件,本来,放在桌面,结果,被别人,删除了,,,,,empty,empty,empty,,5
他,本来,已经看懂了,结果,又被,新例句搞混了,,,,,empty,empty,empty,,5
我,本来,想问老师,结果,老师,已经走了,,,,,empty,empty,empty,,5
她,本来,准备发邮件,结果,发现,地址写错了,,,,,邮件她本来准备发结果发现地址写错了,empty,empty,,5
我们,本来,想早点完成,结果,问题,越做越多,,,,,empty,empty,empty,,5
我,一,到家,就,打开,你发的文件,,,,,empty,empty,empty,,5
他,一,听到消息,就,马上,跑出去了,,,,,消息他一听到就马上跑出去了,empty,empty,,5
她,一,看见老师,就,问,那个语法问题,,,,,那个语法问题她一看见老师就问,empty,empty,,5
我们,一,做完作业,就,开始,复习中文,,,,,作业我们一做完就开始复习中文,empty,empty,,5
你,一,看完例句,就,试着,自己造句,,,,,例句你一看完就试着自己造句,empty,empty,,5
老师,一,走进教室,就,开始,讲新语法,,,,,empty,empty,empty,,5
我,一,听懂那句话,就,把意思,写下来,,,,,那句话我一听懂就把意思写下来,empty,empty,,5
他,一,找到问题,就,把它,改掉了,,,,,问题他一找到就把它改掉了,empty,empty,,5
她,一,收到那封邮件,就,回复,给老板,,,,,那封邮件她一收到就回复给老板,empty,empty,,5
我们,一,下班,就,去,你推荐的店,,,,,empty,empty,empty,,5
我,刚,打开,你发来,的文件,就,发现,内容被删了,,,你发来的文件我刚打开就发现内容被删了,empty,empty,,5
他,本来,想把报告,写完,结果,越写,越觉得,问题很多,,,报告他本来想把它写完结果越写越觉得问题很多,empty,empty,,5
她,一,听懂老师,讲的语法,就,把例句,写下来了,,,,老师讲的语法她一听懂就把例句写下来了,empty,empty,,5
我们,偶然,找到,昨天讨论,的资料,所以,马上,放进报告里,,,昨天讨论的资料我们偶然找到所以马上放进报告里,empty,empty,,5
你,竟然,把我昨天,说的事,忘了,但是,还记得,那个词,,,我昨天说的事你竟然忘了但是还记得那个词,empty,empty,,5
他,刚,到公司,就,看到,老板发来,的通知,,,,到公司他刚就看到老板发来的通知,empty,empty,,5
我,本来,想先复习,生词,结果,一打开书,就睡着了,,,,生词我本来想先复习结果一打开书就睡着了,empty,empty,,5
她,一,看完,你推荐,的电影,就,写了,很长的感想,,,你推荐的电影她一看完就写了很长的感想,empty,empty,,5
我们,偶然,遇到,以前教我们,的老师,还,聊了很久,,,,以前教我们的老师我们偶然遇到还聊了很久,empty,empty,,5
他,竟然,把老师,刚解释清楚,的语法,又,搞混了,,,,老师刚解释清楚的语法他竟然又搞混了,empty,empty,,5
我,刚,把文件,保存好,电脑,就,突然关机了,,,,文件我刚把它保存好电脑就突然关机了,empty,empty,,5
她,本来,不想参加,结果,听完说明以后,竟然,改变了想法,,,,empty,empty,empty,,5
你,一,把句子,拆开,就,会发现,结构不难,,,,句子你一把它拆开就会发现结构不难,empty,empty,,5
我们,偶然,发现,被删除,的文件,还在,回收站里,,,,被删除的文件我们偶然发现还在回收站里,empty,empty,,5
他,竟然,一边开会,一边,把报告,写完了,,,,,报告他竟然一边开会一边把它写完了,empty,empty,,5
我,刚,听懂,那句话,老师,就,开始讲,下一个问题,,,那句话我刚听懂老师就开始讲下一个问题,empty,empty,,5
她,本来,已经把作业,做完了,结果,忘记,发给老师,,,,她本来已经把作业做完了结果忘记发给老师,empty,empty,,5
只要,你,一看到,不懂,的句子,就,先把它,标出来,,,只要不懂的句子你一看到就先把它标出来,不懂的句子只要你一看到就先把它标出来,empty,,5
我,偶然,看到,你昨天发,的消息,才知道,时间改了,,,,你昨天发的消息我偶然看到才知道时间改了,empty,empty,,5
他,竟然,没有看懂,老师写,的说明,所以,又问了一次,,,,老师写的说明他竟然没有看懂所以又问了一次,empty,empty,,5
虽然,我,刚学会,这个语法,但是,一说话,就容易忘,,,,虽然这个语法我刚学会但是一说话就容易忘,这个语法虽然我刚学会但是一说话就容易忘,empty,,5
因为,她,偶然听到,老板说,的话,所以,提前准备好了,,,,因为老板说的话她偶然听到所以提前准备好了,老板说的话因为她偶然听到所以提前准备好了,empty,,5
既然,你,已经找到,被删掉,的文件,就,先保存一份,,,,你既然已经找到被删掉的文件就先保存一份,被删掉的文件既然你已经找到就先保存一份,empty,,5
我们,本来,想下班以后,再讨论,结果,经理,竟然提前来了,,,,我们本来想下班以后再讨论结果经理竟然提前来了,empty,empty,,5
他,一,发现地址,写错了,就,马上,把邮件改掉,,,,地址他一发现写错了就马上把邮件改掉,empty,empty,,5
我,刚,想问老师,就,偶然看到,黑板上,的答案,,,,黑板上的答案我刚想问老师就偶然看到,empty,empty,,5
她,本来,觉得这个练习,很简单,结果,越做,越容易出错,,,,她本来觉得这个练习很简单结果越做越容易出错,empty,empty,,5
你,一,看懂,今天学,的结构,就,可以自己造句,,,,今天学的结构你一看懂就可以自己造句,empty,empty,,5
那封邮件,竟然,被放进,垃圾箱,里面,难怪,我找不到,,,,empty,empty,empty,,5
我们,偶然,走进,你上次推荐,的店,结果,发现很好吃,,,,你上次推荐的店我们偶然走进结果发现很好吃,empty,empty,,5
今天,太晚了,再说,我,明天,还要上班,,,,,empty,empty,empty,,5
我,不想出去,再说,外面,还在下雨,,,,,,empty,empty,empty,,5
这个练习,先不做,再说,我,还没复习,生词,,,,,empty,empty,empty,,5
我们,明天再讨论,再说,经理,今天,不在公司,,,,,empty,empty,empty,,5
这家店,有点远,再说,价格,也不便宜,,,,,,empty,empty,empty,,5
我,已经吃过了,再说,那道菜,我不太喜欢,,,,,,empty,empty,empty,,5
这个方法,可以试试,不过,可能,需要,多一点时间,,,,,empty,empty,empty,,5
我,看懂了,这个句子,不过,还不会,自然地说,,,,,这个句子我看懂了不过还不会自然地说,empty,empty,,5
他,已经下班了,不过,还在,回复客户,的邮件,,,,,他已经下班了不过还在回复客户的邮件,empty,empty,,5
那个文件,找到了,不过,里面,有几个错误,,,,,,empty,empty,empty,,5
这本书,很有用,不过,有些例句,有点难,,,,,,empty,empty,empty,,5
我,想参加,不过,今天晚上,可能没空,,,,,,empty,empty,empty,,5
这个练习,不但,能复习语法,而且,能练,句子结构,,,,,empty,empty,empty,,5
他,不仅,会说中文,而且,写得,很清楚,,,,,empty,empty,empty,,5
这个网站,不但,可以练词汇,而且,可以练,造句,,,,,这个网站不但可以练词汇而且可以练造句,empty,empty,,5
老师,解释得很清楚,而且,给了,很多例子,,,,,,老师解释得很清楚而且给了很多例子,empty,empty,,5
那封邮件,内容很长,而且,重点,不太清楚,,,,,,那封邮件内容很长而且重点不太清楚,empty,empty,,5
她,听懂了,那段录音,而且,能把意思,说出来,,,,,那段录音她听懂了而且能把意思说出来,empty,empty,,5
我,忘记保存,文件,所以,内容,不见了,,,,,文件我忘记保存所以内容不见了,empty,empty,,5
今天,要上班,所以,我,不能,太晚睡,,,,,今天要上班所以我不能太晚睡,empty,empty,,5
那个句子,太长了,所以,我,先把它,拆开,,,,,empty,empty,empty,,5
他,没说清楚,原因,所以,大家,有点误会,,,,,原因他没说清楚所以大家有点误会,empty,empty,,5
你,把文件,改好了,所以,可以,发给老师,,,,,文件你把改好了所以可以发给老师,empty,empty,,5
老师,讲得太快,所以,学生,没有听懂,,,,,,老师讲得太快所以学生没有听懂,empty,empty,,5
我,找不到,那封邮件,于是,去垃圾箱,看了一下,,,,,那封邮件我找不到于是去垃圾箱看了一下,empty,empty,,5
他,听到,老板来了,于是,马上,打开电脑,,,,,老板来了他听到于是马上打开电脑,empty,empty,,5
她,看完说明以后,于是,开始,自己操作,,,,,,empty,empty,empty,,5
我们,发现,时间不够,于是,先做,最重要的部分,,,,,时间不够我们发现于是先做最重要的部分,empty,empty,,5
我,偶然发现,文件里,的错误,于是,把它,改掉了,,,,文件里的错误我偶然发现于是把它改掉了,empty,empty,,5
他,一看到,老师发,的通知,于是,马上回复了,,,,,老师发的通知他一看到于是马上回复了,empty,empty,,5